HGDP00479,Biaka Pygmies from Central Africa,BiakaPygmy,Africa
HGDP00985,Biaka Pygmies from Central Africa,BiakaPygmy,Africa
HGDP01094,Biaka Pygmies from Central Africa,BiakaPygmy,Africa
HGDP00982,Mbuti Pygmies from Democratic Republic of  Congo,MbutiPygmy,Africa
HGDP00911,Mandenka from Senegal ,Mandenka,Africa
HGDP01202,Mandenka from Senegal ,Mandenka,Africa
HGDP00927,Yoruba from Nigeria,Yoruba,Africa
HGDP00461,Biaka Pygmies from Central Africa,BiakaPygmy,Africa
HGDP00986,Biaka Pygmies from Central Africa,BiakaPygmy,Africa
HGDP00449,Mbuti Pygmies from Democratic Republic of  Congo,MbutiPygmy,Africa
HGDP00912,Mandenka from Senegal ,Mandenka,Africa
HGDP01283,Mandenka from Senegal ,Mandenka,Africa
HGDP00928,Yoruba from Nigeria,Yoruba,Africa
HGDP00937,Yoruba from Nigeria,Yoruba,Africa
HGDP01408,Bantu speakers from Kenya,BantuKenya,Africa
HGDP00991,San from Namibia,San,Africa
HGDP01031,Bantu speakers from South Africa,BantuSouthAfrica,Africa
HGDP01263,Mozabite from Algeria (Mzab) ,Mozabite,Africa
HGDP01275,Mozabite from Algeria (Mzab) ,Mozabite,Africa
HGDP00611,Bedouin nomads from Israel,Bedouin,MiddleEast
HGDP00623,Bedouin nomads from Israel,Bedouin,MiddleEast
HGDP00634,Bedouin nomads from Israel,Bedouin,MiddleEast
HGDP00645,Bedouin nomads from Israel,Bedouin,MiddleEast
HGDP00557,Druze from Israel Carmel region,Druze,MiddleEast
HGDP00569,Druze from Israel Carmel region,Druze,MiddleEast
HGDP00581,Druze from Israel Carmel region,Druze,MiddleEast
HGDP00594,Druze from Israel Carmel region,Druze,MiddleEast
HGDP00675,Palestinian from Israel,Palestinian,MiddleEast
HGDP00687,Palestinian from Israel,Palestinian,MiddleEast
HGDP00697,Palestinian from Israel,Palestinian,MiddleEast
HGDP00729,Palestinian from Israel,Palestinian,MiddleEast
HGDP00741,Palestinian from Israel,Palestinian,MiddleEast
HGDP00011,Brahui from Pakistan,Brahui,SouthAsia
HGDP00035,Brahui from Pakistan,Brahui,SouthAsia
HGDP00058,Balochi from Pakistan,Balochi,SouthAsia
HGDP00082,Balochi from Pakistan,Balochi,SouthAsia
HGDP00103,Hazara group from Pakistan,Hazara,SouthAsia
HGDP00938,Yoruba from Nigeria,Yoruba,Africa
HGDP01411,Bantu speakers from Kenya,BantuKenya,Africa
HGDP01264,Mozabite from Algeria (Mzab) ,Mozabite,Africa
HGDP01276,Mozabite from Algeria (Mzab) ,Mozabite,Africa
HGDP00612,Bedouin nomads from Israel,Bedouin,MiddleEast
HGDP00624,Bedouin nomads from Israel,Bedouin,MiddleEast
HGDP00635,Bedouin nomads from Israel,Bedouin,MiddleEast
HGDP00646,Bedouin nomads from Israel,Bedouin,MiddleEast
HGDP00558,Druze from Israel Carmel region,Druze,MiddleEast
HGDP00582,Druze from Israel Carmel region,Druze,MiddleEast
HGDP00595,Druze from Israel Carmel region,Druze,MiddleEast
HGDP00676,Palestinian from Israel,Palestinian,MiddleEast
HGDP00688,Palestinian from Israel,Palestinian,MiddleEast
HGDP00698,Palestinian from Israel,Palestinian,MiddleEast
HGDP00730,Palestinian from Israel,Palestinian,MiddleEast
HGDP00013,Brahui from Pakistan,Brahui,SouthAsia
HGDP00037,Brahui from Pakistan,Brahui,SouthAsia
HGDP00060,Balochi from Pakistan,Balochi,SouthAsia
HGDP00104,Hazara group from Pakistan,Hazara,SouthAsia
HGDP00464,Biaka Pygmies from Central Africa,BiakaPygmy,Africa
HGDP00450,Mbuti Pygmies from Democratic Republic of  Congo,MbutiPygmy,Africa
HGDP00984,Mbuti Pygmies from Democratic Republic of  Congo,MbutiPygmy,Africa
HGDP00913,Mandenka from Senegal ,Mandenka,Africa
HGDP01284,Mandenka from Senegal ,Mandenka,Africa
HGDP00929,Yoruba from Nigeria,Yoruba,Africa
HGDP00939,Yoruba from Nigeria,Yoruba,Africa
HGDP01412,Bantu speakers from Kenya,BantuKenya,Africa
HGDP01029,San from Namibia,San,Africa
HGDP01253,Mozabite from Algeria (Mzab) ,Mozabite,Africa
HGDP01265,Mozabite from Algeria (Mzab) ,Mozabite,Africa
HGDP01277,Mozabite from Algeria (Mzab) ,Mozabite,Africa
HGDP00613,Bedouin nomads from Israel,Bedouin,MiddleEast
HGDP00636,Bedouin nomads from Israel,Bedouin,MiddleEast
HGDP00647,Bedouin nomads from Israel,Bedouin,MiddleEast
HGDP00559,Druze from Israel Carmel region,Druze,MiddleEast
HGDP00571,Druze from Israel Carmel region,Druze,MiddleEast
HGDP00583,Druze from Israel Carmel region,Druze,MiddleEast
HGDP00597,Druze from Israel Carmel region,Druze,MiddleEast
HGDP00677,Palestinian from Israel,Palestinian,MiddleEast
HGDP00689,Palestinian from Israel,Palestinian,MiddleEast
HGDP00465,Biaka Pygmies from Central Africa,BiakaPygmy,Africa
HGDP00456,Mbuti Pygmies from Democratic Republic of  Congo,MbutiPygmy,Africa
HGDP01081,Mbuti Pygmies from Democratic Republic of  Congo,MbutiPygmy,Africa
HGDP00914,Mandenka from Senegal ,Mandenka,Africa
HGDP01285,Mandenka from Senegal ,Mandenka,Africa
HGDP00930,Yoruba from Nigeria,Yoruba,Africa
HGDP00940,Yoruba from Nigeria,Yoruba,Africa
HGDP01032,San from Namibia,San,Africa
HGDP01254,Mozabite from Algeria (Mzab) ,Mozabite,Africa
HGDP01266,Mozabite from Algeria (Mzab) ,Mozabite,Africa
HGDP01278,Mozabite from Algeria (Mzab) ,Mozabite,Africa
HGDP00614,Bedouin nomads from Israel,Bedouin,MiddleEast
HGDP00626,Bedouin nomads from Israel,Bedouin,MiddleEast
HGDP00637,Bedouin nomads from Israel,Bedouin,MiddleEast
HGDP00648,Bedouin nomads from Israel,Bedouin,MiddleEast
HGDP00572,Druze from Israel Carmel region,Druze,MiddleEast
HGDP00584,Druze from Israel Carmel region,Druze,MiddleEast
HGDP00598,Druze from Israel Carmel region,Druze,MiddleEast
HGDP00678,Palestinian from Israel,Palestinian,MiddleEast
HGDP00690,Palestinian from Israel,Palestinian,MiddleEast
HGDP00466,Biaka Pygmies from Central Africa,BiakaPygmy,Africa
HGDP00454,Biaka Pygmies from Central Africa,BiakaPygmy,Africa
HGDP01086,Biaka Pygmies from Central Africa,BiakaPygmy,Africa
HGDP00462,Mbuti Pygmies from Democratic Republic of  Congo,MbutiPygmy,Africa
HGDP00915,Mandenka from Senegal ,Mandenka,Africa
HGDP01286,Mandenka from Senegal ,Mandenka,Africa
HGDP00931,Yoruba from Nigeria,Yoruba,Africa
HGDP00992,San from Namibia,San,Africa
HGDP00941,Yoruba from Nigeria,Yoruba,Africa
HGDP01414,Bantu speakers from Kenya,BantuKenya,Africa
HGDP01036,San from Namibia,San,Africa
HGDP01255,Mozabite from Algeria (Mzab) ,Mozabite,Africa
HGDP01267,Mozabite from Algeria (Mzab) ,Mozabite,Africa
HGDP01279,Mozabite from Algeria (Mzab) ,Mozabite,Africa
HGDP00615,Bedouin nomads from Israel,Bedouin,MiddleEast
HGDP00627,Bedouin nomads from Israel,Bedouin,MiddleEast
HGDP00638,Bedouin nomads from Israel,Bedouin,MiddleEast
HGDP00649,Bedouin nomads from Israel,Bedouin,MiddleEast
HGDP00561,Druze from Israel Carmel region,Druze,MiddleEast
HGDP00573,Druze from Israel Carmel region,Druze,MiddleEast
HGDP00599,Druze from Israel Carmel region,Druze,MiddleEast
HGDP00679,Palestinian from Israel,Palestinian,MiddleEast
HGDP00691,Palestinian from Israel,Palestinian,MiddleEast
HGDP00469,Biaka Pygmies from Central Africa,BiakaPygmy,Africa
HGDP00455,Biaka Pygmies from Central Africa,BiakaPygmy,Africa
HGDP00463,Mbuti Pygmies from Democratic Republic of  Congo,MbutiPygmy,Africa
HGDP00904,Mandenka from Senegal ,Mandenka,Africa
HGDP00920,Yoruba from Nigeria,Yoruba,Africa
HGDP00932,Yoruba from Nigeria,Yoruba,Africa
HGDP00942,Yoruba from Nigeria,Yoruba,Africa
HGDP01415,Bantu speakers from Kenya,BantuKenya,Africa
HGDP00993,Bantu speakers from South Africa,BantuSouthAfrica,Africa
HGDP01256,Mozabite from Algeria (Mzab) ,Mozabite,Africa
HGDP01268,Mozabite from Algeria (Mzab) ,Mozabite,Africa
HGDP01280,Mozabite from Algeria (Mzab) ,Mozabite,Africa
HGDP00616,Bedouin nomads from Israel,Bedouin,MiddleEast
HGDP00628,Bedouin nomads from Israel,Bedouin,MiddleEast
HGDP00639,Bedouin nomads from Israel,Bedouin,MiddleEast
HGDP00650,Bedouin nomads from Israel,Bedouin,MiddleEast
HGDP00562,Druze from Israel Carmel region,Druze,MiddleEast
HGDP00574,Druze from Israel Carmel region,Druze,MiddleEast
HGDP00586,Druze from Israel Carmel region,Druze,MiddleEast
HGDP00600,Druze from Israel Carmel region,Druze,MiddleEast
HGDP00680,Palestinian from Israel,Palestinian,MiddleEast
HGDP00692,Palestinian from Israel,Palestinian,MiddleEast
HGDP00933,Yoruba from Nigeria,Yoruba,Africa
HGDP00470,Biaka Pygmies from Central Africa,BiakaPygmy,Africa
HGDP00457,Biaka Pygmies from Central Africa,BiakaPygmy,Africa
HGDP00467,Mbuti Pygmies from Democratic Republic of  Congo,MbutiPygmy,Africa
HGDP00905,Mandenka from Senegal ,Mandenka,Africa
HGDP00917,Mandenka from Senegal ,Mandenka,Africa
HGDP00943,Yoruba from Nigeria,Yoruba,Africa
HGDP01416,Bantu speakers from Kenya,BantuKenya,Africa
HGDP00994,Bantu speakers from South Africa,BantuSouthAfrica,Africa
HGDP01257,Mozabite from Algeria (Mzab) ,Mozabite,Africa
HGDP01269,Mozabite from Algeria (Mzab) ,Mozabite,Africa
HGDP00629,Bedouin nomads from Israel,Bedouin,MiddleEast
HGDP00640,Bedouin nomads from Israel,Bedouin,MiddleEast
HGDP00651,Bedouin nomads from Israel,Bedouin,MiddleEast
HGDP00563,Druze from Israel Carmel region,Druze,MiddleEast
HGDP00575,Druze from Israel Carmel region,Druze,MiddleEast
HGDP00587,Druze from Israel Carmel region,Druze,MiddleEast
HGDP00601,Druze from Israel Carmel region,Druze,MiddleEast
HGDP00693,Palestinian from Israel,Palestinian,MiddleEast
HGDP00473,Biaka Pygmies from Central Africa,BiakaPygmy,Africa
HGDP00459,Biaka Pygmies from Central Africa,BiakaPygmy,Africa
HGDP01090,Biaka Pygmies from Central Africa,BiakaPygmy,Africa
HGDP00471,Mbuti Pygmies from Democratic Republic of  Congo,MbutiPygmy,Africa
HGDP00907,Mandenka from Senegal ,Mandenka,Africa
HGDP00935,Yoruba from Nigeria,Yoruba,Africa
HGDP01418,Bantu speakers from Kenya,BantuKenya,Africa
HGDP01034,Bantu speakers from South Africa,BantuSouthAfrica,Africa
HGDP01259,Mozabite from Algeria (Mzab) ,Mozabite,Africa
HGDP01271,Mozabite from Algeria (Mzab) ,Mozabite,Africa
HGDP00607,Bedouin nomads from Israel,Bedouin,MiddleEast
HGDP00619,Bedouin nomads from Israel,Bedouin,MiddleEast
HGDP00631,Bedouin nomads from Israel,Bedouin,MiddleEast
HGDP00642,Bedouin nomads from Israel,Bedouin,MiddleEast
HGDP00653,Bedouin nomads from Israel,Bedouin,MiddleEast
HGDP00565,Druze from Israel Carmel region,Druze,MiddleEast
HGDP00577,Druze from Israel Carmel region,Druze,MiddleEast
HGDP00683,Palestinian from Israel,Palestinian,MiddleEast
HGDP00472,Biaka Pygmies from Central Africa,BiakaPygmy,Africa
HGDP00458,Biaka Pygmies from Central Africa,BiakaPygmy,Africa
HGDP00906,Mandenka from Senegal ,Mandenka,Africa
HGDP00918,Mandenka from Senegal ,Mandenka,Africa
HGDP00934,Yoruba from Nigeria,Yoruba,Africa
HGDP00641,Bedouin nomads from Israel,Bedouin,MiddleEast
HGDP00564,Druze from Israel Carmel region,Druze,MiddleEast
HGDP00576,Druze from Israel Carmel region,Druze,MiddleEast
HGDP00588,Druze from Israel Carmel region,Druze,MiddleEast
HGDP00602,Druze from Israel Carmel region,Druze,MiddleEast
HGDP00682,Palestinian from Israel,Palestinian,MiddleEast
HGDP00694,Palestinian from Israel,Palestinian,MiddleEast
HGDP00725,Palestinian from Israel,Palestinian,MiddleEast
HGDP00736,Palestinian from Israel,Palestinian,MiddleEast
HGDP00001,Brahui from Pakistan,Brahui,SouthAsia
HGDP00025,Brahui from Pakistan,Brahui,SouthAsia
HGDP00049,Brahui from Pakistan,Brahui,SouthAsia
HGDP00072,Balochi from Pakistan,Balochi,SouthAsia
HGDP00096,Balochi from Pakistan,Balochi,SouthAsia
HGDP00475,Biaka Pygmies from Central Africa,BiakaPygmy,Africa
HGDP00460,Biaka Pygmies from Central Africa,BiakaPygmy,Africa
HGDP00474,Mbuti Pygmies from Democratic Republic of  Congo,MbutiPygmy,Africa
HGDP00908,Mandenka from Senegal ,Mandenka,Africa
HGDP01199,Mandenka from Senegal ,Mandenka,Africa
HGDP00924,Yoruba from Nigeria,Yoruba,Africa
HGDP00936,Yoruba from Nigeria,Yoruba,Africa
HGDP00643,Bedouin nomads from Israel,Bedouin,MiddleEast
HGDP00654,Bedouin nomads from Israel,Bedouin,MiddleEast
HGDP00566,Druze from Israel Carmel region,Druze,MiddleEast
HGDP00578,Druze from Israel Carmel region,Druze,MiddleEast
HGDP00590,Druze from Israel Carmel region,Druze,MiddleEast
HGDP00604,Druze from Israel Carmel region,Druze,MiddleEast
HGDP00684,Palestinian from Israel,Palestinian,MiddleEast
HGDP00696,Palestinian from Israel,Palestinian,MiddleEast
HGDP00727,Palestinian from Israel,Palestinian,MiddleEast
HGDP00738,Palestinian from Israel,Palestinian,MiddleEast
HGDP00005,Brahui from Pakistan,Brahui,SouthAsia
HGDP00029,Brahui from Pakistan,Brahui,SouthAsia
HGDP00054,Balochi from Pakistan,Balochi,SouthAsia
HGDP00076,Balochi from Pakistan,Balochi,SouthAsia
HGDP00099,Hazara group from Pakistan,Hazara,SouthAsia
HGDP00476,Mbuti Pygmies from Democratic Republic of  Congo,MbutiPygmy,Africa
HGDP00909,Mandenka from Senegal ,Mandenka,Africa
HGDP01200,Mandenka from Senegal ,Mandenka,Africa
HGDP00925,Yoruba from Nigeria,Yoruba,Africa
HGDP00644,Bedouin nomads from Israel,Bedouin,MiddleEast
HGDP00701,Bedouin nomads from Israel,Bedouin,MiddleEast
HGDP00567,Druze from Israel Carmel region,Druze,MiddleEast
HGDP00579,Druze from Israel Carmel region,Druze,MiddleEast
HGDP00591,Druze from Israel Carmel region,Druze,MiddleEast
HGDP00685,Palestinian from Israel,Palestinian,MiddleEast
HGDP00560,Druze from Israel Carmel region,Druze,MiddleEast
HGDP00739,Palestinian from Israel,Palestinian,MiddleEast
HGDP00007,Brahui from Pakistan,Brahui,SouthAsia
HGDP00031,Brahui from Pakistan,Brahui,SouthAsia
HGDP00056,Balochi from Pakistan,Balochi,SouthAsia
HGDP00078,Balochi from Pakistan,Balochi,SouthAsia
HGDP00100,Hazara group from Pakistan,Hazara,SouthAsia
HGDP00686,Palestinian from Israel,Palestinian,MiddleEast
HGDP00478,Mbuti Pygmies from Democratic Republic of  Congo,MbutiPygmy,Africa
HGDP00910,Mandenka from Senegal ,Mandenka,Africa
HGDP00926,Yoruba from Nigeria,Yoruba,Africa
HGDP01035,Bantu speakers from South Africa,BantuSouthAfrica,Africa
HGDP01262,Mozabite from Algeria (Mzab) ,Mozabite,Africa
HGDP01274,Mozabite from Algeria (Mzab) ,Mozabite,Africa
HGDP00610,Bedouin nomads from Israel,Bedouin,MiddleEast
HGDP00622,Bedouin nomads from Israel,Bedouin,MiddleEast
HGDP00568,Druze from Israel Carmel region,Druze,MiddleEast
HGDP00580,Druze from Israel Carmel region,Druze,MiddleEast
HGDP00606,Druze from Israel Carmel region,Druze,MiddleEast
HGDP00699,Palestinian from Israel,Palestinian,MiddleEast
HGDP00731,Palestinian from Israel,Palestinian,MiddleEast
HGDP00015,Brahui from Pakistan,Brahui,SouthAsia
HGDP00039,Brahui from Pakistan,Brahui,SouthAsia
HGDP00062,Balochi from Pakistan,Balochi,SouthAsia
HGDP00086,Balochi from Pakistan,Balochi,SouthAsia
HGDP00105,Hazara group from Pakistan,Hazara,SouthAsia
HGDP00700,Palestinian from Israel,Palestinian,MiddleEast
HGDP00732,Palestinian from Israel,Palestinian,MiddleEast
HGDP00744,Palestinian from Israel,Palestinian,MiddleEast
HGDP00017,Brahui from Pakistan,Brahui,SouthAsia
HGDP00041,Brahui from Pakistan,Brahui,SouthAsia
HGDP00064,Balochi from Pakistan,Balochi,SouthAsia
HGDP00088,Balochi from Pakistan,Balochi,SouthAsia
HGDP00106,Hazara group from Pakistan,Hazara,SouthAsia
HGDP00119,Hazara group from Pakistan,Hazara,SouthAsia
HGDP00131,Makrani from Pakistan,Makrani,SouthAsia
HGDP00146,Makrani from Pakistan,Makrani,SouthAsia
HGDP00163,Sindhi from Pakistan,Sindhi,SouthAsia
HGDP00187,Sindhi from Pakistan,Sindhi,SouthAsia
HGDP00210,Sindhi from Pakistan,Sindhi,SouthAsia
HGDP00234,Pathan from Pakistan,Pathan,SouthAsia
HGDP00262,Pathan from Pakistan,Pathan,SouthAsia
HGDP00290,Kalash from Pakistan,Kalash,SouthAsia
HGDP00356,Burusho from Pakistan,Burusho,SouthAsia
HGDP00412,Burusho from Pakistan,Burusho,SouthAsia
HGDP00973,Han from China,Han,EastAsia
HGDP00777,Han from China,Han,EastAsia
HGDP00820,Han from China,Han,EastAsia
HGDP01291,Han from Northern China,Han-NChina,EastAsia
HGDP00722,Palestinian from Israel,Palestinian,MiddleEast
HGDP00733,Palestinian from Israel,Palestinian,MiddleEast
HGDP00745,Palestinian from Israel,Palestinian,MiddleEast
HGDP00019,Brahui from Pakistan,Brahui,SouthAsia
HGDP00043,Brahui from Pakistan,Brahui,SouthAsia
HGDP00066,Balochi from Pakistan,Balochi,SouthAsia
HGDP00090,Balochi from Pakistan,Balochi,SouthAsia
HGDP00108,Hazara group from Pakistan,Hazara,SouthAsia
HGDP00120,Hazara group from Pakistan,Hazara,SouthAsia
HGDP00133,Makrani from Pakistan,Makrani,SouthAsia
HGDP00148,Makrani from Pakistan,Makrani,SouthAsia
HGDP00165,Sindhi from Pakistan,Sindhi,SouthAsia
HGDP00189,Sindhi from Pakistan,Sindhi,SouthAsia
HGDP00213,Pathan from Pakistan,Pathan,SouthAsia
HGDP00237,Pathan from Pakistan,Pathan,SouthAsia
HGDP00264,Pathan from Pakistan,Pathan,SouthAsia
HGDP00323,Kalash from Pakistan,Kalash,SouthAsia
HGDP00359,Burusho from Pakistan,Burusho,SouthAsia
HGDP00417,Burusho from Pakistan,Burusho,SouthAsia
HGDP01021,Han from China,Han,EastAsia
HGDP00778,Han from China,Han,EastAsia
HGDP00821,Han from China,Han,EastAsia
HGDP01292,Han from Northern China,Han-NChina,EastAsia
HGDP00723,Palestinian from Israel,Palestinian,MiddleEast
HGDP00734,Palestinian from Israel,Palestinian,MiddleEast
HGDP00746,Palestinian from Israel,Palestinian,MiddleEast
HGDP00021,Brahui from Pakistan,Brahui,SouthAsia
HGDP00045,Brahui from Pakistan,Brahui,SouthAsia
HGDP00068,Balochi from Pakistan,Balochi,SouthAsia
HGDP00092,Balochi from Pakistan,Balochi,SouthAsia
HGDP00109,Hazara group from Pakistan,Hazara,SouthAsia
HGDP00121,Hazara group from Pakistan,Hazara,SouthAsia
HGDP00134,Makrani from Pakistan,Makrani,SouthAsia
HGDP00149,Makrani from Pakistan,Makrani,SouthAsia
HGDP00167,Sindhi from Pakistan,Sindhi,SouthAsia
HGDP00191,Sindhi from Pakistan,Sindhi,SouthAsia
HGDP00214,Pathan from Pakistan,Pathan,SouthAsia
HGDP00239,Pathan from Pakistan,Pathan,SouthAsia
HGDP00009,Brahui from Pakistan,Brahui,SouthAsia
HGDP00298,Kalash from Pakistan,Kalash,SouthAsia
HGDP00326,Kalash from Pakistan,Kalash,SouthAsia
HGDP00364,Burusho from Pakistan,Burusho,SouthAsia
HGDP00423,Burusho from Pakistan,Burusho,SouthAsia
HGDP00775,Han from China,Han,EastAsia
HGDP00780,Han from China,Han,EastAsia
HGDP00822,Han from China,Han,EastAsia
HGDP01293,Han from Northern China,Han-NChina,EastAsia
HGDP00724,Palestinian from Israel,Palestinian,MiddleEast
HGDP00735,Palestinian from Israel,Palestinian,MiddleEast
HGDP00047,Brahui from Pakistan,Brahui,SouthAsia
HGDP00070,Balochi from Pakistan,Balochi,SouthAsia
HGDP00094,Balochi from Pakistan,Balochi,SouthAsia
HGDP00110,Hazara group from Pakistan,Hazara,SouthAsia
HGDP00740,Palestinian from Israel,Palestinian,MiddleEast
HGDP00122,Hazara group from Pakistan,Hazara,SouthAsia
HGDP00135,Makrani from Pakistan,Makrani,SouthAsia
HGDP00150,Makrani from Pakistan,Makrani,SouthAsia
HGDP00169,Sindhi from Pakistan,Sindhi,SouthAsia
HGDP00192,Sindhi from Pakistan,Sindhi,SouthAsia
HGDP00216,Pathan from Pakistan,Pathan,SouthAsia
HGDP00241,Pathan from Pakistan,Pathan,SouthAsia
HGDP00267,Kalash from Pakistan,Kalash,SouthAsia
HGDP00302,Kalash from Pakistan,Kalash,SouthAsia
HGDP00328,Kalash from Pakistan,Kalash,SouthAsia
HGDP00371,Burusho from Pakistan,Burusho,SouthAsia
HGDP00428,Burusho from Pakistan,Burusho,SouthAsia
HGDP00779,Han from China,Han,EastAsia
HGDP00781,Han from China,Han,EastAsia
HGDP00972,Han from China,Han,EastAsia
HGDP01294,Han from Northern China,Han-NChina,EastAsia
HGDP01201,Mandenka from Senegal ,Mandenka,Africa
HGDP01101,Tujia from China,Tujia,EastAsia
HGDP01186,Yi from China,Yi,EastAsia
HGDP01198,Miao from China,Miao,EastAsia
HGDP01213,Daur from China,Daur,EastAsia
HGDP01225,Mongola from China,Mongola,EastAsia
HGDP01237,Hezhen from China,Hezhen,EastAsia
HGDP01249,Xibo from China,Xibo,EastAsia
HGDP01305,Uygur from China,Uygur,EastAsia
HGDP01102,Tujia from China,Tujia,EastAsia
HGDP01187,Yi from China,Yi,EastAsia
HGDP01214,Daur from China,Daur,EastAsia
HGDP01226,Mongola from China,Mongola,EastAsia
HGDP01238,Hezhen from China,Hezhen,EastAsia
HGDP01250,Xibo from China,Xibo,EastAsia
HGDP01306,Uygur from China,Uygur,EastAsia
HGDP00102,Hazara group from Pakistan,Hazara,SouthAsia
HGDP01100,Tujia from China,Tujia,EastAsia
HGDP01185,Yi from China,Yi,EastAsia
HGDP01197,Miao from China,Miao,EastAsia
HGDP01212,Oroqen from China,Oroqen,EastAsia
HGDP01224,Mongola from China,Mongola,EastAsia
HGDP01236,Hezhen from China,Hezhen,EastAsia
HGDP01248,Xibo from China,Xibo,EastAsia
HGDP01304,Uygur from China,Uygur,EastAsia
HGDP00726,Palestinian from Israel,Palestinian,MiddleEast
HGDP00737,Palestinian from Israel,Palestinian,MiddleEast
HGDP00003,Brahui from Pakistan,Brahui,SouthAsia
HGDP00027,Brahui from Pakistan,Brahui,SouthAsia
HGDP00052,Balochi from Pakistan,Balochi,SouthAsia
HGDP00074,Balochi from Pakistan,Balochi,SouthAsia
HGDP00098,Balochi from Pakistan,Balochi,SouthAsia
HGDP00112,Hazara group from Pakistan,Hazara,SouthAsia
HGDP00125,Hazara group from Pakistan,Hazara,SouthAsia
HGDP00137,Makrani from Pakistan,Makrani,SouthAsia
HGDP00153,Makrani from Pakistan,Makrani,SouthAsia
HGDP00173,Sindhi from Pakistan,Sindhi,SouthAsia
HGDP00197,Sindhi from Pakistan,Sindhi,SouthAsia
HGDP00244,Pathan from Pakistan,Pathan,SouthAsia
HGDP00277,Kalash from Pakistan,Kalash,SouthAsia
HGDP00307,Kalash from Pakistan,Kalash,SouthAsia
HGDP00333,Kalash from Pakistan,Kalash,SouthAsia
HGDP00376,Burusho from Pakistan,Burusho,SouthAsia
HGDP00438,Burusho from Pakistan,Burusho,SouthAsia
HGDP00815,Han from China,Han,EastAsia
HGDP00785,Han from China,Han,EastAsia
HGDP00976,Han from China,Han,EastAsia
HGDP01296,Han from Northern China,Han-NChina,EastAsia
HGDP00115,Hazara group from Pakistan,Hazara,SouthAsia
HGDP00129,Hazara group from Pakistan,Hazara,SouthAsia
HGDP00143,Makrani from Pakistan,Makrani,SouthAsia
HGDP00158,Makrani from Pakistan,Makrani,SouthAsia
HGDP00181,Sindhi from Pakistan,Sindhi,SouthAsia
HGDP00205,Sindhi from Pakistan,Sindhi,SouthAsia
HGDP00228,Pathan from Pakistan,Pathan,SouthAsia
HGDP00254,Pathan from Pakistan,Pathan,SouthAsia
HGDP00285,Kalash from Pakistan,Kalash,SouthAsia
HGDP00313,Kalash from Pakistan,Kalash,SouthAsia
HGDP00341,Burusho from Pakistan,Burusho,SouthAsia
HGDP00397,Burusho from Pakistan,Burusho,SouthAsia
HGDP00782,Han from China,Han,EastAsia
HGDP00813,Han from China,Han,EastAsia
HGDP01288,Han from Northern China,Han-NChina,EastAsia
HGDP01097,Tujia from China,Tujia,EastAsia
HGDP01182,Yi from China,Yi,EastAsia
HGDP01194,Miao from China,Miao,EastAsia
HGDP01209,Oroqen from China,Oroqen,EastAsia
HGDP01221,Daur from China,Daur,EastAsia
HGDP01245,Xibo from China,Xibo,EastAsia
HGDP01301,Uygur from China,Uygur,EastAsia
HGDP00116,Hazara group from Pakistan,Hazara,SouthAsia
HGDP00130,Makrani from Pakistan,Makrani,SouthAsia
HGDP00144,Makrani from Pakistan,Makrani,SouthAsia
HGDP00160,Makrani from Pakistan,Makrani,SouthAsia
HGDP00183,Sindhi from Pakistan,Sindhi,SouthAsia
HGDP00206,Sindhi from Pakistan,Sindhi,SouthAsia
HGDP00230,Pathan from Pakistan,Pathan,SouthAsia
HGDP00258,Pathan from Pakistan,Pathan,SouthAsia
HGDP00286,Kalash from Pakistan,Kalash,SouthAsia
HGDP00315,Kalash from Pakistan,Kalash,SouthAsia
HGDP00402,Burusho from Pakistan,Burusho,SouthAsia
HGDP00783,Han from China,Han,EastAsia
HGDP00774,Han from China,Han,EastAsia
HGDP00817,Han from China,Han,EastAsia
HGDP01289,Han from Northern China,Han-NChina,EastAsia
HGDP01098,Tujia from China,Tujia,EastAsia
HGDP01183,Yi from China,Yi,EastAsia
HGDP01195,Miao from China,Miao,EastAsia
HGDP01222,Daur from China,Daur,EastAsia
HGDP01234,Hezhen from China,Hezhen,EastAsia
HGDP01246,Xibo from China,Xibo,EastAsia
HGDP01302,Uygur from China,Uygur,EastAsia
HGDP00118,Hazara group from Pakistan,Hazara,SouthAsia
HGDP00145,Makrani from Pakistan,Makrani,SouthAsia
HGDP00161,Makrani from Pakistan,Makrani,SouthAsia
HGDP00185,Sindhi from Pakistan,Sindhi,SouthAsia
HGDP00208,Sindhi from Pakistan,Sindhi,SouthAsia
HGDP00232,Pathan from Pakistan,Pathan,SouthAsia
HGDP00259,Pathan from Pakistan,Pathan,SouthAsia
HGDP00033,Brahui from Pakistan,Brahui,SouthAsia
HGDP00288,Kalash from Pakistan,Kalash,SouthAsia
HGDP00319,Kalash from Pakistan,Kalash,SouthAsia
HGDP00351,Burusho from Pakistan,Burusho,SouthAsia
HGDP00407,Burusho from Pakistan,Burusho,SouthAsia
HGDP00971,Han from China,Han,EastAsia
HGDP00776,Han from China,Han,EastAsia
HGDP00819,Han from China,Han,EastAsia
HGDP01290,Han from Northern China,Han-NChina,EastAsia
HGDP01099,Tujia from China,Tujia,EastAsia
HGDP01184,Yi from China,Yi,EastAsia
HGDP01196,Miao from China,Miao,EastAsia
HGDP01211,Oroqen from China,Oroqen,EastAsia
HGDP01223,Mongola from China,Mongola,EastAsia
HGDP01247,Xibo from China,Xibo,EastAsia
HGDP01303,Uygur from China,Uygur,EastAsia
HGDP00124,Hazara group from Pakistan,Hazara,SouthAsia
HGDP00136,Makrani from Pakistan,Makrani,SouthAsia
HGDP00151,Makrani from Pakistan,Makrani,SouthAsia
HGDP00171,Sindhi from Pakistan,Sindhi,SouthAsia
HGDP00195,Sindhi from Pakistan,Sindhi,SouthAsia
HGDP00218,Pathan from Pakistan,Pathan,SouthAsia
HGDP00243,Pathan from Pakistan,Pathan,SouthAsia
HGDP00274,Kalash from Pakistan,Kalash,SouthAsia
HGDP00304,Kalash from Pakistan,Kalash,SouthAsia
HGDP00330,Kalash from Pakistan,Kalash,SouthAsia
HGDP00372,Burusho from Pakistan,Burusho,SouthAsia
HGDP00433,Burusho from Pakistan,Burusho,SouthAsia
HGDP00814,Han from China,Han,EastAsia
HGDP00784,Han from China,Han,EastAsia
HGDP00975,Han from China,Han,EastAsia
HGDP01295,Han from Northern China,Han-NChina,EastAsia
HGDP01104,Tujia from China,Tujia,EastAsia
HGDP01189,Miao from China,Miao,EastAsia
HGDP01204,Oroqen from China,Oroqen,EastAsia
HGDP01216,Daur from China,Daur,EastAsia
HGDP01228,Mongola from China,Mongola,EastAsia
HGDP01240,Hezhen from China,Hezhen,EastAsia
HGDP01308,Dai from China,Dai,EastAsia
HGDP00057,Balochi from Pakistan,Balochi,SouthAsia
HGDP00127,Hazara group from Pakistan,Hazara,SouthAsia
HGDP00139,Makrani from Pakistan,Makrani,SouthAsia
HGDP00154,Makrani from Pakistan,Makrani,SouthAsia
HGDP00175,Sindhi from Pakistan,Sindhi,SouthAsia
HGDP00199,Sindhi from Pakistan,Sindhi,SouthAsia
HGDP00222,Pathan from Pakistan,Pathan,SouthAsia
HGDP00279,Kalash from Pakistan,Kalash,SouthAsia
HGDP00309,Kalash from Pakistan,Kalash,SouthAsia
HGDP00382,Burusho from Pakistan,Burusho,SouthAsia
HGDP00444,Burusho from Pakistan,Burusho,SouthAsia
HGDP00818,Han from China,Han,EastAsia
HGDP00786,Han from China,Han,EastAsia
HGDP00977,Han from China,Han,EastAsia
HGDP01095,Tujia from China,Tujia,EastAsia
HGDP00080,Balochi from Pakistan,Balochi,SouthAsia
HGDP01180,Yi from China,Yi,EastAsia
HGDP01191,Miao from China,Miao,EastAsia
HGDP01206,Oroqen from China,Oroqen,EastAsia
HGDP01218,Daur from China,Daur,EastAsia
HGDP01230,Mongola from China,Mongola,EastAsia
HGDP01242,Hezhen from China,Hezhen,EastAsia
HGDP01298,Uygur from China,Uygur,EastAsia
HGDP01310,Dai from China,Dai,EastAsia
HGDP00140,Makrani from Pakistan,Makrani,SouthAsia
HGDP00155,Makrani from Pakistan,Makrani,SouthAsia
HGDP00177,Sindhi from Pakistan,Sindhi,SouthAsia
HGDP00201,Sindhi from Pakistan,Sindhi,SouthAsia
HGDP00224,Pathan from Pakistan,Pathan,SouthAsia
HGDP00281,Kalash from Pakistan,Kalash,SouthAsia
HGDP00141,Makrani from Pakistan,Makrani,SouthAsia
HGDP00157,Makrani from Pakistan,Makrani,SouthAsia
HGDP00179,Sindhi from Pakistan,Sindhi,SouthAsia
HGDP00226,Pathan from Pakistan,Pathan,SouthAsia
HGDP00251,Pathan from Pakistan,Pathan,SouthAsia
HGDP01193,Miao from China,Miao,EastAsia
HGDP01208,Oroqen from China,Oroqen,EastAsia
HGDP01181,Yi from China,Yi,EastAsia
HGDP01192,Miao from China,Miao,EastAsia
HGDP01207,Oroqen from China,Oroqen,EastAsia
HGDP01231,Mongola from China,Mongola,EastAsia
HGDP01243,Xibo from China,Xibo,EastAsia
HGDP01299,Uygur from China,Uygur,EastAsia
HGDP01311,Dai from China,Dai,EastAsia
HGDP00311,Kalash from Pakistan,Kalash,SouthAsia
HGDP00336,Burusho from Pakistan,Burusho,SouthAsia
HGDP00388,Burusho from Pakistan,Burusho,SouthAsia
HGDP00445,Burusho from Pakistan,Burusho,SouthAsia
HGDP00974,Han from China,Han,EastAsia
HGDP00811,Han from China,Han,EastAsia
HGDP01096,Tujia from China,Tujia,EastAsia
HGDP01103,Tujia from China,Tujia,EastAsia
HGDP01188,Yi from China,Yi,EastAsia
HGDP01203,Oroqen from China,Oroqen,EastAsia
HGDP01215,Daur from China,Daur,EastAsia
HGDP01227,Mongola from China,Mongola,EastAsia
HGDP01239,Hezhen from China,Hezhen,EastAsia
HGDP01251,Xibo from China,Xibo,EastAsia
HGDP01307,Dai from China,Dai,EastAsia
HGDP01179,Yi from China,Yi,EastAsia
HGDP01190,Miao from China,Miao,EastAsia
HGDP01205,Oroqen from China,Oroqen,EastAsia
HGDP01217,Daur from China,Daur,EastAsia
HGDP01229,Mongola from China,Mongola,EastAsia
HGDP01241,Hezhen from China,Hezhen,EastAsia
HGDP01297,Uygur from China,Uygur,EastAsia
HGDP01309,Dai from China,Dai,EastAsia
HGDP01312,Dai from China,Dai,EastAsia
HGDP01323,Lahu from China,Lahu,EastAsia
HGDP01335,She from China,She,EastAsia
HGDP01347,Tu from China,Tu,EastAsia
HGDP00946,Yakut from Siberia,Yakut,EastAsia
HGDP00958,Yakut from Siberia,Yakut,EastAsia
HGDP00747,Japanese from East Asia,Japanese,EastAsia
HGDP00759,Japanese from East Asia,Japanese,EastAsia
HGDP00769,Japanese from East Asia,Japanese,EastAsia
HGDP00712,Cambodians from Southeast Asia,Cambodian,EastAsia
HGDP00542,Papuan from New Guinea,Papuan,Oceania
HGDP00554,Papuan from New Guinea,Papuan,Oceania
HGDP00662,Melanians from Bougainville ,Melanesian,Oceania
HGDP01027,Melanians from Bougainville ,Melanesian,Oceania
HGDP00521,French from Europe,French,Europe
HGDP00533,French from Europe,French,Europe
HGDP01361,Basque from Southern Europe,Basque,Europe
HGDP01372,Basque from Southern Europe,Basque,Europe
HGDP00667,Sardinian from Europe,Sardinian,Europe
HGDP01066,Sardinian from Europe,Sardinian,Europe
HGDP01078,Sardinian from Europe,Sardinian,Europe
HGDP01172,Italian from Europe,Italian,Europe
HGDP00794,Orkney Islands from Europe,Orcadian,Europe
HGDP00806,Orkney Islands from Europe,Orcadian,Europe
HGDP01313,Dai from China,Dai,EastAsia
HGDP01336,She from China,She,EastAsia
HGDP01348,Tu from China,Tu,EastAsia
HGDP00947,Yakut from Siberia,Yakut,EastAsia
HGDP00959,Yakut from Siberia,Yakut,EastAsia
HGDP00748,Japanese from East Asia,Japanese,EastAsia
HGDP00760,Japanese from East Asia,Japanese,EastAsia
HGDP00713,Cambodians from Southeast Asia,Cambodian,EastAsia
HGDP00543,Papuan from New Guinea,Papuan,Oceania
HGDP00555,Papuan from New Guinea,Papuan,Oceania
HGDP00663,Melanians from Bougainville ,Melanesian,Oceania
HGDP00522,French from Europe,French,Europe
HGDP00534,French from Europe,French,Europe
HGDP01220,Daur from China,Daur,EastAsia
HGDP01362,Basque from Southern Europe,Basque,Europe
HGDP01373,Basque from Southern Europe,Basque,Europe
HGDP00668,Sardinian from Europe,Sardinian,Europe
HGDP01067,Sardinian from Europe,Sardinian,Europe
HGDP01079,Sardinian from Europe,Sardinian,Europe
HGDP01173,Italian from Europe,Italian,Europe
HGDP00795,Orkney Islands from Europe,Orcadian,Europe
HGDP00807,Orkney Islands from Europe,Orcadian,Europe
HGDP01314,Dai from China,Dai,EastAsia
HGDP01337,Naxi from China,Naxi,EastAsia
HGDP01349,Tu from China,Tu,EastAsia
HGDP00948,Yakut from Siberia,Yakut,EastAsia
HGDP00960,Yakut from Siberia,Yakut,EastAsia
HGDP00749,Japanese from East Asia,Japanese,EastAsia
HGDP00761,Japanese from East Asia,Japanese,EastAsia
HGDP00771,Japanese from East Asia,Japanese,EastAsia
HGDP00714,Cambodians from Southeast Asia,Cambodian,EastAsia
HGDP00544,Papuan from New Guinea,Papuan,Oceania
HGDP00556,Papuan from New Guinea,Papuan,Oceania
HGDP00664,Melanians from Bougainville ,Melanesian,Oceania
HGDP00511,French from Europe,French,Europe
HGDP00523,French from Europe,French,Europe
HGDP00535,French from Europe,French,Europe
HGDP01363,Basque from Southern Europe,Basque,Europe
HGDP01374,Basque from Southern Europe,Basque,Europe
HGDP00669,Sardinian from Europe,Sardinian,Europe
HGDP01068,Sardinian from Europe,Sardinian,Europe
HGDP01147,Italian from Europe,Italian,Europe
HGDP01174,Italian from Europe,Italian,Europe
HGDP00796,Orkney Islands from Europe,Orcadian,Europe
HGDP00808,Orkney Islands from Europe,Orcadian,Europe
HGDP01315,Dai from China,Dai,EastAsia
HGDP01326,Lahu from China,Lahu,EastAsia
HGDP01338,Naxi from China,Naxi,EastAsia
HGDP01350,Tu from China,Tu,EastAsia
HGDP00949,Yakut from Siberia,Yakut,EastAsia
HGDP00961,Yakut from Siberia,Yakut,EastAsia
HGDP00750,Japanese from East Asia,Japanese,EastAsia
HGDP00762,Japanese from East Asia,Japanese,EastAsia
HGDP00772,Japanese from East Asia,Japanese,EastAsia
HGDP00715,Cambodians from Southeast Asia,Cambodian,EastAsia
HGDP00545,Papuan from New Guinea,Papuan,Oceania
HGDP00787,Melanians from Bougainville ,Melanesian,Oceania
HGDP00512,French from Europe,French,Europe
HGDP00524,French from Europe,French,Europe
HGDP00536,French from Europe,French,Europe
HGDP00338,Burusho from Pakistan,Burusho,SouthAsia
HGDP00392,Burusho from Pakistan,Burusho,SouthAsia
HGDP01023,Han from China,Han,EastAsia
HGDP00812,Han from China,Han,EastAsia
HGDP01287,Han from Northern China,Han-NChina,EastAsia
HGDP00625,Bedouin nomads from Israel,Bedouin,MiddleEast
HGDP01316,Dai from China,Dai,EastAsia
HGDP01327,She from China,She,EastAsia
HGDP01339,Naxi from China,Naxi,EastAsia
HGDP01351,Tu from China,Tu,EastAsia
HGDP00950,Yakut from Siberia,Yakut,EastAsia
HGDP00962,Yakut from Siberia,Yakut,EastAsia
HGDP00751,Japanese from East Asia,Japanese,EastAsia
HGDP00763,Japanese from East Asia,Japanese,EastAsia
HGDP00773,Japanese from East Asia,Japanese,EastAsia
HGDP00716,Cambodians from Southeast Asia,Cambodian,EastAsia
HGDP00546,Papuan from New Guinea,Papuan,Oceania
HGDP00491,Melanians from Bougainville ,Melanesian,Oceania
HGDP00788,Melanians from Bougainville ,Melanesian,Oceania
HGDP00513,French from Europe,French,Europe
HGDP00525,French from Europe,French,Europe
HGDP00537,French from Europe,French,Europe
HGDP01334,She from China,She,EastAsia
HGDP01346,Naxi from China,Naxi,EastAsia
HGDP00945,Yakut from Siberia,Yakut,EastAsia
HGDP00957,Yakut from Siberia,Yakut,EastAsia
HGDP00969,Yakut from Siberia,Yakut,EastAsia
HGDP00758,Japanese from East Asia,Japanese,EastAsia
HGDP01317,Lahu from China,Lahu,EastAsia
HGDP01328,She from China,She,EastAsia
HGDP01340,Naxi from China,Naxi,EastAsia
HGDP01352,Tu from China,Tu,EastAsia
HGDP00951,Yakut from Siberia,Yakut,EastAsia
HGDP00963,Yakut from Siberia,Yakut,EastAsia
HGDP00752,Japanese from East Asia,Japanese,EastAsia
HGDP00764,Japanese from East Asia,Japanese,EastAsia
HGDP00790,Japanese from East Asia,Japanese,EastAsia
HGDP00717,Cambodians from Southeast Asia,Cambodian,EastAsia
HGDP00547,Papuan from New Guinea,Papuan,Oceania
HGDP00655,Melanians from Bougainville ,Melanesian,Oceania
HGDP00514,French from Europe,French,Europe
HGDP00526,French from Europe,French,Europe
HGDP00538,French from Europe,French,Europe
HGDP01370,Basque from Southern Europe,Basque,Europe
HGDP01063,Sardinian from Europe,Sardinian,Europe
HGDP01075,Sardinian from Europe,Sardinian,Europe
HGDP01156,Italian from Europe,Italian,Europe
HGDP01167,Tuscan from Europe,Tuscan,Europe
HGDP00803,Orkney Islands from Europe,Orcadian,Europe
HGDP01385,Adygei from Russia Caucasus ,Adygei,Europe
HGDP00023,Brahui from Pakistan,Brahui,SouthAsia
HGDP01318,Lahu from China,Lahu,EastAsia
HGDP01329,She from China,She,EastAsia
HGDP01341,Naxi from China,Naxi,EastAsia
HGDP01353,Tu from China,Tu,EastAsia
HGDP00952,Yakut from Siberia,Yakut,EastAsia
HGDP00964,Yakut from Siberia,Yakut,EastAsia
HGDP00753,Japanese from East Asia,Japanese,EastAsia
HGDP00765,Japanese from East Asia,Japanese,EastAsia
HGDP00791,Japanese from East Asia,Japanese,EastAsia
HGDP00548,Papuan from New Guinea,Papuan,Oceania
HGDP00656,Melanians from Bougainville ,Melanesian,Oceania
HGDP00515,French from Europe,French,Europe
HGDP00527,French from Europe,French,Europe
HGDP00539,French from Europe,French,Europe
HGDP01388,Adygei from Russia Caucasus ,Adygei,Europe
HGDP00880,Russian from Europe,Russian,Europe
HGDP00892,Russian from Europe,Russian,Europe
HGDP01060,Pima from Mexico,Pima,Americas
HGDP00864,Maya from Mexico,Maya,Americas
HGDP00876,Maya from Mexico,Maya,Americas
HGDP00541,Papuan from New Guinea,Papuan,Oceania
HGDP00553,Papuan from New Guinea,Papuan,Oceania
HGDP00661,Melanians from Bougainville ,Melanesian,Oceania
HGDP00520,French from Europe,French,Europe
HGDP01321,Lahu from China,Lahu,EastAsia
HGDP01332,She from China,She,EastAsia
HGDP01356,Tu from China,Tu,EastAsia
HGDP00955,Yakut from Siberia,Yakut,EastAsia
HGDP00967,Yakut from Siberia,Yakut,EastAsia
HGDP00756,Japanese from East Asia,Japanese,EastAsia
HGDP01366,Basque from Southern Europe,Basque,Europe
HGDP01377,Basque from Southern Europe,Basque,Europe
HGDP00672,Sardinian from Europe,Sardinian,Europe
HGDP01071,Sardinian from Europe,Sardinian,Europe
HGDP01152,Italian from Europe,Italian,Europe
HGDP01162,Tuscan from Europe,Tuscan,Europe
HGDP00799,Orkney Islands from Europe,Orcadian,Europe
HGDP01381,Adygei from Russia Caucasus ,Adygei,Europe
HGDP00708,Colombians from Americas,Colombian,Americas
HGDP00998,Karitiana from Brazil,Karitiana,Americas
HGDP00846,Surui from Brazil,Surui,Americas
HGDP01010,Karitiana from Brazil,Karitiana,Americas
HGDP00832,Surui from Brazil,Surui,Americas
HGDP00845,Surui from Brazil,Surui,Americas
HGDP01320,Lahu from China,Lahu,EastAsia
HGDP01331,She from China,She,EastAsia
HGDP01355,Tu from China,Tu,EastAsia
HGDP00954,Yakut from Siberia,Yakut,EastAsia
HGDP00966,Yakut from Siberia,Yakut,EastAsia
HGDP00755,Japanese from East Asia,Japanese,EastAsia
HGDP00767,Japanese from East Asia,Japanese,EastAsia
HGDP00720,Cambodians from Southeast Asia,Cambodian,EastAsia
HGDP00550,Papuan from New Guinea,Papuan,Oceania
HGDP00517,French from Europe,French,Europe
HGDP00529,French from Europe,French,Europe
HGDP01358,Basque from Southern Europe,Basque,Europe
HGDP00999,Karitiana from Brazil,Karitiana,Americas
HGDP01012,Karitiana from Brazil,Karitiana,Americas
HGDP00666,Sardinian from Europe,Sardinian,Europe
HGDP01065,Sardinian from Europe,Sardinian,Europe
HGDP01077,Sardinian from Europe,Sardinian,Europe
HGDP00711,Cambodians from Southeast Asia,Cambodian,EastAsia
HGDP00540,Papuan from New Guinea,Papuan,Oceania
HGDP00552,Papuan from New Guinea,Papuan,Oceania
HGDP00519,French from Europe,French,Europe
HGDP00531,French from Europe,French,Europe
HGDP01360,Basque from Southern Europe,Basque,Europe
HGDP01367,Basque from Southern Europe,Basque,Europe
HGDP01378,Basque from Southern Europe,Basque,Europe
HGDP00673,Sardinian from Europe,Sardinian,Europe
HGDP01072,Sardinian from Europe,Sardinian,Europe
HGDP01153,Italian from Europe,Italian,Europe
HGDP01163,Tuscan from Europe,Tuscan,Europe
HGDP00800,Orkney Islands from Europe,Orcadian,Europe
HGDP01382,Adygei from Russia Caucasus ,Adygei,Europe
HGDP00710,Colombians from Americas,Colombian,Americas
HGDP01013,Karitiana from Brazil,Karitiana,Americas
HGDP01171,Italian from Europe,Italian,Europe
HGDP01169,Tuscan from Europe,Tuscan,Europe
HGDP00805,Orkney Islands from Europe,Orcadian,Europe
HGDP01368,Basque from Southern Europe,Basque,Europe
HGDP01379,Basque from Southern Europe,Basque,Europe
HGDP00674,Sardinian from Europe,Sardinian,Europe
HGDP01073,Sardinian from Europe,Sardinian,Europe
HGDP01164,Tuscan from Europe,Tuscan,Europe
HGDP01383,Adygei from Russia Caucasus ,Adygei,Europe
HGDP01387,Adygei from Russia Caucasus ,Adygei,Europe
HGDP00879,Russian from Europe,Russian,Europe
HGDP00891,Russian from Europe,Russian,Europe
HGDP00903,Russian from Europe,Russian,Europe
HGDP01047,Pima from Mexico,Pima,Americas
HGDP01059,Pima from Mexico,Pima,Americas
HGDP00863,Maya from Mexico,Maya,Americas
HGDP00875,Maya from Mexico,Maya,Americas
HGDP01001,Karitiana from Brazil,Karitiana,Americas
HGDP01014,Karitiana from Brazil,Karitiana,Americas
HGDP00837,Surui from Brazil,Surui,Americas
HGDP00849,Surui from Brazil,Surui,Americas
HGDP01232,Mongola from China,Mongola,EastAsia
HGDP01244,Xibo from China,Xibo,EastAsia
HGDP01300,Uygur from China,Uygur,EastAsia
HGDP01405,Bantu speakers from Kenya,BantuKenya,Africa
HGDP01419,Bantu speakers from Kenya,BantuKenya,Africa
HGDP01033,Bantu speakers from South Africa,BantuSouthAfrica,Africa
HGDP01260,Mozabite from Algeria (Mzab) ,Mozabite,Africa
HGDP01272,Mozabite from Algeria (Mzab) ,Mozabite,Africa
HGDP00608,Bedouin nomads from Israel,Bedouin,MiddleEast
HGDP00620,Bedouin nomads from Israel,Bedouin,MiddleEast
HGDP00632,Bedouin nomads from Israel,Bedouin,MiddleEast
HGDP01369,Basque from Southern Europe,Basque,Europe
HGDP01380,Basque from Southern Europe,Basque,Europe
HGDP01062,Sardinian from Europe,Sardinian,Europe
HGDP01074,Sardinian from Europe,Sardinian,Europe
HGDP01155,Italian from Europe,Italian,Europe
HGDP01166,Tuscan from Europe,Tuscan,Europe
HGDP00802,Orkney Islands from Europe,Orcadian,Europe
HGDP01384,Adygei from Russia Caucasus ,Adygei,Europe
HGDP01003,Karitiana from Brazil,Karitiana,Americas
HGDP01015,Karitiana from Brazil,Karitiana,Americas
HGDP00838,Surui from Brazil,Surui,Americas
HGDP00890,Russian from Europe,Russian,Europe
HGDP00902,Russian from Europe,Russian,Europe
HGDP01371,Basque from Southern Europe,Basque,Europe
HGDP00665,Sardinian from Europe,Sardinian,Europe
HGDP01064,Sardinian from Europe,Sardinian,Europe
HGDP01076,Sardinian from Europe,Sardinian,Europe
HGDP01157,Italian from Europe,Italian,Europe
HGDP01168,Tuscan from Europe,Tuscan,Europe
HGDP00804,Orkney Islands from Europe,Orcadian,Europe
HGDP01386,Adygei from Russia Caucasus ,Adygei,Europe
HGDP01396,Adygei from Russia Caucasus ,Adygei,Europe
HGDP00881,Russian from Europe,Russian,Europe
HGDP00893,Russian from Europe,Russian,Europe
HGDP01037,Pima from Mexico,Pima,Americas
HGDP00865,Maya from Mexico,Maya,Americas
HGDP00877,Maya from Mexico,Maya,Americas
HGDP01058,Pima from Mexico,Pima,Americas
HGDP00862,Maya from Mexico,Maya,Americas
HGDP01417,Bantu speakers from Kenya,BantuKenya,Africa
HGDP01030,Bantu speakers from South Africa,BantuSouthAfrica,Africa
HGDP01258,Mozabite from Algeria (Mzab) ,Mozabite,Africa
HGDP01270,Mozabite from Algeria (Mzab) ,Mozabite,Africa
HGDP01282,Mozabite from Algeria (Mzab) ,Mozabite,Africa
HGDP00618,Bedouin nomads from Israel,Bedouin,MiddleEast
HGDP00630,Bedouin nomads from Israel,Bedouin,MiddleEast
HGDP01406,Bantu speakers from Kenya,BantuKenya,Africa
HGDP01028,Bantu speakers from South Africa,BantuSouthAfrica,Africa
HGDP01261,Mozabite from Algeria (Mzab) ,Mozabite,Africa
HGDP01273,Mozabite from Algeria (Mzab) ,Mozabite,Africa
HGDP00609,Bedouin nomads from Israel,Bedouin,MiddleEast
HGDP00621,Bedouin nomads from Israel,Bedouin,MiddleEast
HGDP01322,Lahu from China,Lahu,EastAsia
HGDP01333,She from China,She,EastAsia
HGDP01345,Naxi from China,Naxi,EastAsia
HGDP00956,Yakut from Siberia,Yakut,EastAsia
HGDP00968,Yakut from Siberia,Yakut,EastAsia
HGDP00757,Japanese from East Asia,Japanese,EastAsia
HGDP00768,Japanese from East Asia,Japanese,EastAsia
HGDP00843,Surui from Brazil,Surui,Americas
HGDP01397,Adygei from Russia Caucasus ,Adygei,Europe
HGDP00882,Russian from Europe,Russian,Europe
HGDP00894,Russian from Europe,Russian,Europe
HGDP01050,Pima from Mexico,Pima,Americas
HGDP00854,Maya from Mexico,Maya,Americas
HGDP01399,Adygei from Russia Caucasus ,Adygei,Europe
HGDP00884,Russian from Europe,Russian,Europe
HGDP00896,Russian from Europe,Russian,Europe
HGDP00856,Maya from Mexico,Maya,Americas
HGDP00868,Maya from Mexico,Maya,Americas
HGDP00702,Colombians from Americas,Colombian,Americas
HGDP00970,Colombians from Americas,Colombian,Americas
HGDP00852,Surui from Brazil,Surui,Americas
HGDP01006,Karitiana from Brazil,Karitiana,Americas
HGDP01018,Karitiana from Brazil,Karitiana,Americas
HGDP00721,Cambodians from Southeast Asia,Cambodian,EastAsia
HGDP00551,Papuan from New Guinea,Papuan,Oceania
HGDP00518,French from Europe,French,Europe
HGDP00530,French from Europe,French,Europe
HGDP01359,Basque from Southern Europe,Basque,Europe
HGDP01400,Adygei from Russia Caucasus ,Adygei,Europe
HGDP00885,Russian from Europe,Russian,Europe
HGDP00897,Russian from Europe,Russian,Europe
HGDP01041,Pima from Mexico,Pima,Americas
HGDP01053,Pima from Mexico,Pima,Americas
HGDP00857,Maya from Mexico,Maya,Americas
HGDP00869,Maya from Mexico,Maya,Americas
HGDP00703,Colombians from Americas,Colombian,Americas
HGDP00995,Karitiana from Brazil,Karitiana,Americas
HGDP01019,Karitiana from Brazil,Karitiana,Americas
HGDP01009,Karitiana from Brazil,Karitiana,Americas
HGDP00346,Burusho from Pakistan,Burusho,SouthAsia
HGDP01364,Basque from Southern Europe,Basque,Europe
HGDP01375,Basque from Southern Europe,Basque,Europe
HGDP00670,Sardinian from Europe,Sardinian,Europe
HGDP01069,Sardinian from Europe,Sardinian,Europe
HGDP01177,Italian from Europe,Italian,Europe
HGDP00797,Orkney Islands from Europe,Orcadian,Europe
HGDP00810,Orkney Islands from Europe,Orcadian,Europe
HGDP01401,Adygei from Russia Caucasus ,Adygei,Europe
HGDP00886,Russian from Europe,Russian,Europe
HGDP00898,Russian from Europe,Russian,Europe
HGDP00858,Maya from Mexico,Maya,Americas
HGDP00870,Maya from Mexico,Maya,Americas
HGDP00704,Colombians from Americas,Colombian,Americas
HGDP01402,Adygei from Russia Caucasus ,Adygei,Europe
HGDP00887,Russian from Europe,Russian,Europe
HGDP00899,Russian from Europe,Russian,Europe
HGDP01043,Pima from Mexico,Pima,Americas
HGDP01055,Pima from Mexico,Pima,Americas
HGDP00859,Maya from Mexico,Maya,Americas
HGDP00871,Maya from Mexico,Maya,Americas
HGDP01398,Adygei from Russia Caucasus ,Adygei,Europe
HGDP00883,Russian from Europe,Russian,Europe
HGDP00895,Russian from Europe,Russian,Europe
HGDP01051,Pima from Mexico,Pima,Americas
HGDP00855,Maya from Mexico,Maya,Americas
HGDP01403,Adygei from Russia Caucasus ,Adygei,Europe
HGDP00888,Russian from Europe,Russian,Europe
HGDP00900,Russian from Europe,Russian,Europe
HGDP01044,Pima from Mexico,Pima,Americas
HGDP01056,Pima from Mexico,Pima,Americas
HGDP00860,Maya from Mexico,Maya,Americas
HGDP00872,Maya from Mexico,Maya,Americas
HGDP00706,Colombians from Americas,Colombian,Americas
HGDP00901,Russian from Europe,Russian,Europe
HGDP01057,Pima from Mexico,Pima,Americas
HGDP00861,Maya from Mexico,Maya,Americas
HGDP00873,Maya from Mexico,Maya,Americas
HGDP01404,Adygei from Russia Caucasus ,Adygei,Europe
HGDP00889,Russian from Europe,Russian,Europe
HGDP01151,Italian from Europe,Italian,Europe
HGDP01330,She from China,She,EastAsia
HGDP00528,French from Europe,French,Europe
HGDP00719,Cambodians from Southeast Asia,Cambodian,EastAsia
HGDP01161,Tuscan from Europe,Tuscan,Europe
HGDP00828,Japanese from East Asia,Japanese,EastAsia
HGDP00965,Yakut from Siberia,Yakut,EastAsia
HGDP00516,French from Europe,French,Europe
HGDP01365,Basque from Southern Europe,Basque,Europe
HGDP00766,Japanese from East Asia,Japanese,EastAsia
HGDP01354,Tu from China,Tu,EastAsia
HGDP00798,Orkney Islands from Europe,Orcadian,Europe
HGDP01342,Naxi from China,Naxi,EastAsia
HGDP01319,Lahu from China,Lahu,EastAsia
HGDP01357,Basque from Southern Europe,Basque,Europe
HGDP00549,Papuan from New Guinea,Papuan,Oceania
HGDP00953,Yakut from Siberia,Yakut,EastAsia
HGDP01070,Sardinian from Europe,Sardinian,Europe
HGDP01376,Basque from Southern Europe,Basque,Europe
HGDP00671,Sardinian from Europe,Sardinian,Europe
HGDP01024,Han from China,Han,EastAsia